crm_id,dni,nombre,email,telefono,fecha_nacimiento,edad,genero,provincia,codigo_postal,segmento,fecha_alta,ingreso_mensual
CRM0001,44-232-252,Sebastian Medina,sebastian.medina.32@outlook.com,1162280334,10/05/1962,64,H,CABA,C1428,PyME,05/09/2024,256744
CRM0002,22-370-563,Martin Alvarez, martin.alvarez.17@empresa.com.ar ,1168346393,06-05-39,87,F,CABA,C1425,Particular,2024-01-17,744050
CRM0003,32859350,Carlos Perez,CARLOS.PEREZ.13@GMAIL.COM,-,1960-06-11,66,M,CABA,C1033,Particular,28/04/2021,929508
CRM0004, 30072928 ,Gonzalo Carlos Ortiz,gonzalo.carlos.ortiz.60@gmail.com,1168844489,08-06-72,54,Varón,CABA,C1406,PyME,05/02/2023,525349
CRM0005,44.763.264,Diego Castro,diego.castro.2@hotmail.com,1129855140,16-03-60,66,Femenino,Entre Ríos,X5000,Particular,26-02-26,999
CRM0006, 38868254 ,NATALIA SANCHEZ,natalia.sanchez.96@outlook.com,1179351045,1977-06-28,940,Masculino,CABA,C1406,Particular,27-05-23,-1
CRM0007,33.460.248,DIEGO LOPEZ,DIEGO.LOPEZ.3@HOTMAIL.COM,1160722721,18/02/1939,87,m,CABA,C1406,Particular,31/03/2022,754579
CRM0008,26-097-663,FRANCO MARTINEZ,FRANCO.MARTINEZ.4@GMAIL.COM,1128075952,1968-09-25,57,Femenino,Mendoza,M5500,Particular,2023-11-14,507867
CRM0009, 45490852 ,Federico Silva, federico.silva.55@gmail.com ,1169529646,09/06/1948,78,f,Buenos Aires,X5000,Particular,2023-07-26,287200
CRM0010, 33757189 ,MARTIN CASTRO, martin.castro.19@empresa.com.ar ,1179569283,25-03-66,60,Varón,CABA,C1425,Particular,06-12-25,1110436
CRM0011,47.418.630,SOFIA ROMERO, sofia.romero.76@outlook.com ,1156321806,2007-05-10,19,f,CABA,C1429,Particular,2025-07-23,295911
CRM0012,41806938,Federico Juan Ruiz, federico.juan.ruiz.79@empresa.com.ar ,1128547171,24/04/1972,54,F,Mendoza,B1900,Particular,2023-09-19,304991
CRM0013,31-416-180,Julieta Paula Molina, julieta.paula.molina.25@empresa.com.ar ,1168294564,1972-02-13,54,M,CABA,C1431,Particular,09/08/2021,294630
CRM0014,35309233,JOAQUIN LOPEZ,joaquin.lopez.14@hotmail.com,1156516288,19-07-72,54,D,CABA,C1033,Particular,2021-10-28,747701
CRM0015, 21832932 ,Tomás Natalia López, tomas.natalia.lopez.79@outlook.com ,1124942989,1999-03-18,27,Femenino,CABA,C1431,Particular,19-07-22,593999
CRM0016,36-685-733,JULIETA ROMERO,JULIETA.ROMERO.61@GMAIL.COM,1140169344,29-07-02,24,Masculino,Entre Ríos,M5500,Particular,2022-07-24,773754
CRM0017, 43596797 ,LAURA SUAREZ,N/A,1125619739,23/02/1979,47,F,CABA,C1064,Particular,27/09/2022,546795
CRM0018,41668785,Rocio L. Ruiz,ROCIO.LAURA.RUIZ.48@OUTLOOK.COM,1135380440,27/08/1939,87,F,CABA,C1414,Particular,08/12/2024,-350000
CRM0019,27.701.560,Gonzalo Benitez,GONZALO.BENITEZ.81@HOTMAIL.COM,,13-06-00,26,m,CABA,C1425,Particular,07/07/2021,1038201
CRM0020,27-697-906,Sebastian Torres, sebastian.torres.95@hotmail.com ,1152862036,2006-02-16,20,f,CABA,C1180,Particular,2022-01-09,1213056
CRM0021, 38825261 ,Federico Benítez,FEDERICO.BENITEZ.45@OUTLOOK.COM,1164117376,18-02-89,37,H,Santa Fe,S2000,Particular,30-05-24,338891
CRM0022,sin dato,Micaela Fernández,MICAELA.FERNANDEZ.91@EMPRESA.COM.AR,1158987976,11-04-79,47,m,CABA,C1064,Particular,22-06-23,282844
CRM0023,29.800.583,Diego Sebastián Castro,DIEGO.SEBASTIAN.CASTRO.4@HOTMAIL.COM,1122668161,28-07-05,21,H,CABA,C1033,Particular,13-02-22,600641
CRM0024, 23178977 ,Martin T. Martinez,MARTIN.TOMAS.MARTINEZ.57@HOTMAIL.COM,,26/05/2006,20,Femenino,CABA,C9999,PyME,2024-11-07,196366
CRM0025, 49145955 ,Tomas Romero, tomas.romero.76@outlook.com ,1157755773,2007-12-14,18,Mujer,Buenos Aires,M5500,Particular,27-02-23,586033
CRM0026,29-272-848,Franco Martinez,franco.martinez.22@outlook.com,1121995763,1937-02-22,89,Mujer,Buenos Aires,X5000,Empresa,30/06/2023,651287
CRM0027, 26479676 ,Sofía Leandro Romero,SOFIA.LEANDRO.ROMERO.66@HOTMAIL.COM,1132475636,06/03/1989,37,D,CABA,C1064,Particular,2026-02-03,990127
CRM0028,31-570-412,Camila Flores, camila.flores.2@gmail.com ,N/A,10/06/1968,58,D,CABA,C1180,Empresa,2025-04-14,180000
CRM0029,37-751-135,Laura Castro,LAURA.CASTRO.86@OUTLOOK.COM,1168481790,19/04/1995,31,m,CABA,C1406,Particular,24-09-25,884751
CRM0030,34-664-901,Matias Perez,MATIAS.PEREZ.6@GMAIL.COM,1165253361,2008-07-06,18,H,CABA,C1414,Particular,17-03-25,1011344
CRM0031,24.102.179,Micaela F. Ortiz, nataliacastro42@gmail.com ,1163326165,23/02/1991,35,Masculino,Córdoba,M5500,Particular,2021-05-30,358435
CRM0032,20758224,Paula Rojas,-,1146335088,27-11-90,35,Varón,Mendoza,E3100,PyME,2026-04-05,180000
CRM0033, 20655052 ,CAROLINA GOMEZ, carolina.gomez.7@empresa.com.ar ,1120506135,16/10/1965,60,m,Buenos Aires,M5500,PyME,21/06/2025,1002900
CRM0034,40946489,Federico Gomez,federico.gomez.43@hotmail.com,1141731198,16-04-49,77,Masculino,Mendoza,S2000,Particular,11-02-24,297816
CRM0035, 37300619 ,MATIAS DIAZ,MATIAS.DIAZ.22@GMAIL.COM,1145558173,24-04-48,78,M,CABA,C1113,Particular,2021-06-13,842200
CRM0036,27-580-600,Gonzalo Rojas, gonzalo.rojas.0@empresa.com.ar ,1140102215,1986-04-16,40,F,CABA,C1429,PyME,06/08/2023,481476
CRM0037,35.442.714,Tomas Rojas,tomas.rojas.70@gmail.com,1122818357,2002-09-27,23,D,Buenos Aires,M5500,Particular,2024-11-25,1231558
CRM0038,41528997,JUAN SILVA,N/A,1124988532,1993-11-08,32,D,Mendoza,X5000,Particular,07-06-26,1368490
CRM0039, 22384118 ,MARIA MOLINA,MARIA.MOLINA.80@GMAIL.COM,1125987133,1948-09-25,77,m,Buenos Aires,B1900,Empresa,2025-02-05,660523
CRM0040,44.873.519,Joaquín Ortiz, joaquin.ortiz.55@outlook.com ,1130805958,21-02-85,41,,CABA,C1064,Particular,25/07/2024,274483
CRM0041,28-095-882,Julieta Benitez,,1153450315,31/02/1990,77,Masculino,CABA,C1428,Particular,2022-01-25,999
CRM0042, 24309195 ,Pablo Fernandez, pablo.fernandez.37@empresa.com.ar ,1162814776,02-10-74,51,f,CABA,C1064,PyME,25/04/2024,635526
CRM0043,33-987-802,Joaquín Carlos Ortiz, joaquin.carlos.ortiz.50@outlook.com ,1126877534,1970-06-04,56,f,CABA,C1429,Particular,2025-06-29,999
CRM0044,45.489.119,Carlos Benitez, carlos.benitez.80@hotmail.com ,N/A,17/01/1976,50,D,CABA,C1406,Particular,24/04/2024,
CRM0045,39.484.154,FRANCO RODRIGUEZ, franco.rodriguez.75@gmail.com ,1122034487,31/12/1975,50,Mujer,Entre Ríos,E3100,Particular,08-05-23,642970
CRM0046,35-493-156,Martin Ruiz,martin.ruiz.29@outlook.com,no informa,1938-12-03,87,f,CABA,C1033,Particular,18/04/2021,180000
CRM0047,32-760-352,ROCIO DIAZ,ROCIO.DIAZ.20@OUTLOOK.COM,1130305326,30-04-75,51,Varón,CABA,C1033,Particular,01/12/2024,1668967
CRM0048,41229647,Sofia Ruiz, sofia.camila.ruiz.10@outlook.com ,1169531886,1962-06-10,64,Femenino,CABA,C1431,Particular,2022-05-23,278825
CRM0049,sin dato,Joaquin Navarro,joaquin.navarro.4@gmail.com,1150569976,04-08-63,63,H,Córdoba,B1900,Particular,21/11/2022,-1
CRM0050, 33849345 ,Rocio Pablo Diaz,rocio.pablo.diaz.67@hotmail.com,1151436586,1963-01-04,63,Masculino,Buenos Aires,M5500,Particular,20-09-22,473007
CRM0051,42.007.191,PABLO FERNANDEZ,pablo.fernandez.78@outlook.com,1174943062,1974-06-30,52,D,Santa Fe,B1900,Empresa,18-03-22,555849
CRM0052, 47649932 ,Maria Gomez,-,1122057261,1956-12-12,69,H,CABA,C1113,Particular,11/08/2024,595948
CRM0053,41.509.921,Joaquín Navarro,VALENTINA.RAMIREZ.7@GMAIL.COM,1127907055,1951-06-21,75,M,CABA,C1406,PyME,08-10-25,1127137
CRM0054,31-129-394,Martin Gomez, martin.gomez.62@hotmail.com ,1162795359,26/07/1980,46,F,Entre Ríos,M5500,Empresa,18-05-21,180000
CRM0055,27131486,MICAELA MARTINEZ,micaela.martinez.28@empresa.com.ar,1151852220,01/03/1938,88,Varón,Entre Ríos,X5000,Particular,04-04-24,508893
CRM0056,43-478-884,FEDERICO MEDINA,FEDERICO.MEDINA.76@OUTLOOK.COM,1153452758,25-09-97,28,Masculino,CABA,C1428,Particular,16-03-22,536803
CRM0057, 33437063 ,Sofía Medina, sofia.medina.67@gmail.com ,1177657755,06/05/1954,72,m,CABA,C1113,Particular,21-07-22,582943
CRM0058, 32537462 ,Joaquin Silva,JOAQUIN.SILVA.92@GMAIL.COM,1144143847,19/05/1993,33,M,CABA,C1406,PyME,08/01/2024,687955
CRM0059,29-804-509,Carolina Gomez,CAROLINA.GOMEZ.80@OUTLOOK.COM,1154379382,30/09/1937,88,Femenino,Santa Fe,E3100,PyME,2024-01-14,719984
CRM0060,48414906,Carlos Ruiz,CARLOS.RUIZ.54@OUTLOOK.COM,1133913820,28-11-05,20,f,Córdoba,S2000,Particular,19/01/2025,685884
CRM0061,26-418-539,Florencia Perez,florencia.perez.60@outlook.com,1171654502,1991-11-05,34,D,Córdoba,B1900,Particular,02/03/2024,320238
CRM0062,47.587.692,Tomas Gomez, tomas.gomez.9@outlook.com ,-,01/05/1984,42,X?,Buenos Aires,M5500,Particular,04/07/2021,1284020
CRM0063, 26689522 ,Diego Medina,DIEGO.MEDINA.1@GMAIL.COM,1149607990,05/06/1994,32,M,Buenos Aires,E3100,PyME,23-07-24,246548
CRM0064,26-365-131,Julieta Ortiz,julieta.ortiz.10@outlook.com,1145269525,15-08-38,88,Masculino,Buenos Aires,X5000,Particular,2025-11-14,349384
CRM0065,23-457-785,Juan Rojas,juan.rojas.28@gmail.com,1164114677,21/11/1980,45,Femenino,CABA,C1428,PyME,2024-12-06,306975
CRM0066,35776232,Juan Ramírez,JUAN.RAMIREZ.30@EMPRESA.COM.AR,1127162239,04-11-64,61,F,Buenos Aires,B1900,Particular,15-06-25,926567
CRM0067,36.287.184,Rocio Rodriguez,-,1150142524,10-11-74,51,Varón,CABA,C1429,Particular,18-03-25,184186
CRM0068,31.218.296,Federico Lopez,federico.lopez.29@outlook.com,1123066726,04/03/1941,85,Masculino,CABA,C1428,Particular,04-05-22,
CRM0069, 31452164 ,FLORENCIA GONZALO MOLINA,FLORENCIA.GONZALO.MOLINA.73@GMAIL.COM,1170160850,1938-03-01,88,Mujer,CABA,C1414,Particular,2022-04-10,292537
CRM0070,31517911,Florencia Alvarez, florencia.alvarez.14@hotmail.com ,1133170581,27-05-84,42,no informa,CABA,C1429,Particular,25-05-23,554756
CRM0071,36.860.139,Valentina Torres, valentina.torres.75@gmail.com ,,2000-03-10,26,Varón,Santa Fe,B1900,Particular,30-07-21,269828
CRM0072,44974623,NATALIA ROMERO,natalia.romero.12@empresa.com.ar,1179523424,1989-09-06,36,Masculino,CABA,C1113,Particular,07-01-21,289222
CRM0073,26.947.297,Maria Julieta Acosta,MARIA.JULIETA.ACOSTA.26@HOTMAIL.COM,,1958-10-09,67,Masculino,CABA,C1414,Particular,2024-10-28,1357495
CRM0074,30.419.576,Valentina Sanchez, valentina.sanchez.53@outlook.com ,N/A,09-04-47,79,Mujer,Buenos Aires,S2000,Particular,12/03/2024,499454
CRM0075,N/A,Leandro Ruiz,leandro.ruiz.2@outlook.com,111,1999-05-01,27,M,CABA,C1406,Empresa,21/11/2023,265070
CRM0076,41-766-774,Martin Diaz,martin.diaz.6@gmail.com,1176022363,24-03-63,63,H,CABA,C1431,Particular,2023-11-17,1002045
CRM0077,37193730,Juan Silva,JUAN.FRANCO.SILVA.55@HOTMAIL.COM,1171771024,08/07/1959,67,H,CABA,C1033,Particular,07-11-25,588786
CRM0078,44191672,Tomas Joaquin Romero, tomas.joaquin.romero.8@empresa.com.ar ,1145666622,2008-01-18,18,Femenino,Mendoza,X5000,Particular,2024-07-22,427169
CRM0079,36991986,Diego Silva,DIEGO.SILVA.75@GMAIL.COM,1145286888,24-04-54,72,H,CABA,C1425,Particular,25/02/2025,512658
CRM0080,40.273.647,Sebastian Romero, sebastian.romero.47@empresa.com.ar ,1133207569,08/07/1982,44,f,Córdoba,X5000,PyME,2025-01-25,999448
CRM0081,38.690.758,Leandro Suarez,leandro.suarez.80@outlook.com,1152588471,2003-05-05,23,Varón,CABA,C1406,Particular,13-01-21,988366
CRM0082,43576630,Gonzalo Castro,GONZALO.CASTRO.11@HOTMAIL.COM,1153370918,18/08/1943,83,M,CABA,C1113,Particular,2022-06-11,472110
CRM0083, 28794855 ,Pablo Martinez, pablo.martinez.86@gmail.com ,1164106932,28-07-40,86,sin dato,CABA,C1180,Particular,14-06-21,676763
CRM0084,31-431-161,Pablo Ramirez, pablo.ramirez.9@gmail.com ,1136905885,25-12-47,78,Femenino,Buenos Aires,B1900,Particular,2023-01-21,405432
CRM0085, 46780594 ,Carolina Molina, carolina.andres.molina.53@hotmail.com ,1171515203,12/07/1953,73,D,Buenos Aires,E3100,PyME,27/01/2022,246000
CRM0086,no informa,MATIAS ACOSTA,MATIAS.ACOSTA.51@HOTMAIL.COM,1169018971,1935-04-26,91,M,Buenos Aires,B1900,Particular,22/10/2021,488651
CRM0087,47.529.758,Florencia Rojas, florencia.rojas.70@empresa.com.ar ,1177462239,1993-08-03,33,m,CABA,C1113,Particular,20-03-21,546264
CRM0088, 24090677 ,Federico Castro,FEDERICO.CASTRO.43@OUTLOOK.COM,1157438905,1987-11-23,38,Mujer,Córdoba,X5000,Particular,18-11-24,293099
CRM0089,36-836-962,Julieta Sanchez, julieta.sanchez.40@outlook.com ,1175393200,30-04-78,48,M,Córdoba,X5000,PyME,07-06-24,418313
CRM0090,47336146,SOFIA FERNANDEZ,SOFIA.FERNANDEZ.10@OUTLOOK.COM,1177124086,04-07-85,41,Femenino,CABA,C1428,Particular,23/10/2022,513403
CRM0091, 47643167 ,Leandro Diaz, leandro.diaz.56@hotmail.com ,1125932846,1986-07-25,40,m,CABA,C1406,Particular,02-06-23,697689
CRM0092,42385870,Agustina Camila Silva,AGUSTINA.CAMILA.SILVA.10@HOTMAIL.COM,1125653649,1948-09-11,77,Masculino,Santa Fe,E3100,Particular,15-04-24,
CRM0093,21.351.580,Laura Pérez, laura.perez.45@gmail.com ,1129684227,2003-03-29,23,Varón,CABA,C1064,PyME,2023-01-23,265893
CRM0094,45399464,Gonzalo Romero, gonzalo.romero.53@gmail.com ,1133333386,01-12-62,63,m,Mendoza,X5000,Particular,2024-07-23,270748
CRM0095, 29814938 ,Sebastian Benitez, sebastian.benitez.52@gmail.com ,1131049694,08-03-47,79,D,Córdoba,S2000,Particular,2024-09-26,546041
CRM0096,32.605.884,Valentina Alvarez,valentina.alvarez.4@empresa.com.ar,1155076997,07-05-83,43,D,Buenos Aires,E3100,Particular,11/12/2023,717032
CRM0097,35-094-276,María Suárez, maria.suarez.14@gmail.com ,1177351066,17/09/1988,37,Femenino,CABA,C1180,Particular,29/10/2022,449820
CRM0098,34.538.334,MICAELA MOLINA,micaela.molina.69@gmail.com,1131357197,1967-10-07,58,Varón,Santa Fe,S2000,Particular,2025-12-27,
CRM0099,30.204.305,Andres Navarro,ANDRES.NAVARRO.27@OUTLOOK.COM,1135339330,1965-07-28,61,Varón,CABA,C1239,Particular,15-09-23,875751
CRM0100,47.143.297,Agustina Benitez,agustina.benitez.87@outlook.com,1135324790,1984-02-18,42,f,Buenos Aires,M5500,Empresa,10/05/2021,490104
CRM0101,25-071-951,Franco Silva,FRANCO.SILVA.32@HOTMAIL.COM,1122004265,1941-08-13,85,H,CABA,C1239,Particular,2025-05-01,609616
CRM0102,22-536-642,JUAN GOMEZ,N/A,1130886058,17-01-67,59,Masculino,Santa Fe,E3100,Particular,02/10/2025,1406605
CRM0103,39520807,Tomas Rojas, tomas.rojas.86@empresa.com.ar ,1171732891,04-03-36,90,m,Buenos Aires,B1900,Particular,07-11-24,189674
CRM0104,20568672,TOMAS DANIELA MARTINEZ,TOMAS.DANIELA.MARTINEZ.12@GMAIL.COM,1171397722,06/12/1947,78,Femenino,Córdoba,S2000,PyME,2025-11-13,
CRM0105,24753833,Juan Diaz,juan.diaz.65@outlook.com,1152150789,09/01/1954,72,Mujer,Buenos Aires,E3100,Particular,06-12-25,809216
CRM0106, 24201331 ,Sebastian Romero, sebastian.romero.44@empresa.com.ar ,1153179031,1945-11-28,80,Masculino,Santa Fe,B1900,Particular,04/09/2021,851935
CRM0107,32.607.487,Martin Medina, martin.medina.89@hotmail.com ,,07/08/1959,67,Masculino,CABA,C1113,PyME,2024-04-05,536395
CRM0108,48.744.805,Rocio Medina,N/A,1177365533,1979-03-28,47,Mujer,Buenos Aires,S2000,Particular,2024-04-28,
CRM0109,40540846,Valentina Flores,valentina.flores.12@hotmail.com,1139958112,22/08/1955,71,D,CABA,C1414,Particular,09/01/2021,445851
CRM0110,,Rocio Perez, rocio.perez.86@hotmail.com ,1135297843,1988-02-24,38,D,CABA,C1239,Particular,22/02/2026,193423
CRM0111,48-461-124,Florencia Sanchez,florencia.sanchez.61@hotmail.com,1176320819,23-06-66,60,f,CABA,C1180,Particular,2026-06-04,1014026
CRM0112,42.777.604,Diego Lopez,diego.lopez.62@hotmail.com,no informa,1956-11-21,69,H,CABA,C1180,Particular,12-04-23,202939
CRM0113,45.187.864,Matías Martínez,matias.martinez.76@outlook.com,1142221243,1996-01-03,30,Masculino,Buenos Aires,M5500,Empresa,08/04/2025,855526
CRM0114,46741240,Laura Carlos Medina,LAURA.CARLOS.MEDINA.95@EMPRESA.COM.AR,1167192382,1993-09-25,32,m,CABA,C1406,Particular,23/12/2025,452175
CRM0115,-,JUAN ANDRES ACOSTA, juan.andres.acosta.59@hotmail.com ,no informa,26/12/2000,25,Masculino,Córdoba,X5000,Particular,15/06/2022,567711
CRM0116,25.502.931,Matías Rocío Díaz,matias.rocio.diaz.24@gmail.com,1141149678,21/10/1954,71,Masculino,Buenos Aires,M5500,PyME,13-06-24,228063
CRM0117, 28718857 ,Federico M. Lopez, federico.martin.lopez.13@empresa.com.ar ,1122190351,14-05-51,75,Mujer,Mendoza,B1900,PyME,30/03/2021,414431
CRM0118,21444100,FRANCO FERNANDEZ,FRANCO.FERNANDEZ.70@OUTLOOK.COM,1142275938,07-01-92,34,F,CABA,C1414,Particular,18-03-21,1171833
CRM0119,41-982-767,Tomas Martinez,TOMAS.MARTINEZ.84@OUTLOOK.COM,1163167057,1985-12-07,40,Mujer,CABA,C1113,Particular,24/01/2023,683428
CRM0120,47.740.943,Natalia Lopez,NATALIA.LOPEZ.48@EMPRESA.COM.AR,1140442985,1962-06-21,64,f,CABA,C1239,Particular,2025-06-22,617825
CRM0121,45-613-818,Gonzalo Álvarez,gonzalo.alvarez.47@outlook.com,1151629144,14-01-66,60,Masculino,Entre Ríos,X5000,Particular,19-04-24,548391
CRM0122,28006003,MICAELA FLORES,MICAELA.FLORES.34@HOTMAIL.COM,1165297000,18-12-55,70,no informa,CABA,C1064,PyME,11/10/2024,180000
CRM0123,20-003-195,Agustina Castro,agustina.castro.90@hotmail.com,1168172895,1949-03-18,77,f,CABA,C1425,PyME,21-10-24,528903
CRM0124,39.303.981,Federico Fernandez,federico.fernandez.77@outlook.com,1134224499,27-04-73,53,Mujer,CABA,C1113,Particular,03/08/2024,263267
CRM0125, 38686347 ,Sofia Perez, sofia.perez.92@gmail.com ,1135964413,11-01-02,24,m,CABA,C1064,Particular,10-05-25,581258
CRM0126,47.730.332,Andres Ortiz,andres.ortiz.27@hotmail.com,1137207140,2007-12-21,18,M,Buenos Aires,X5000,Particular,23-01-22,1280677
CRM0127,32-681-454,Martin Acosta,martin.acosta.15@gmail.com,1161174029,1968-05-15,58,f,CABA,C1033,Particular,06/12/2022,1467487
CRM0128,21.005.823,Juan Gomez,,1133959569,1973-12-21,52,Varón,CABA,C1406,PyME,2026-05-16,247477
CRM0129,21-005-720,Carolina Rodriguez,CAROLINA.RODRIGUEZ.40@EMPRESA.COM.AR,1123020673,06/06/1958,68,D,Buenos Aires,X5000,Particular,22/09/2023,547521
CRM0130,41-691-662,CARLOS SUAREZ, carlos.suarez.36@hotmail.com ,1123956825,07-03-95,31,Femenino,CABA,C1414,PyME,2025-10-24,285283
CRM0131,32.240.338,Camila Acosta, camila.acosta.49@hotmail.com ,1177207126,01-08-89,37,Femenino,Córdoba,B1900,PyME,20/12/2021,2456731
CRM0132,30640540,Martin Romero,MARTIN.ROMERO.61@OUTLOOK.COM,1179737506,09/07/1958,68,Varón,CABA,C1064,Particular,29/07/2022,562985
CRM0133,35457714,María Ramírez,MARIA.RAMIREZ.50@OUTLOOK.COM,1169207432,31-10-84,41,f,Entre Ríos,B1900,Particular,12-10-25,242761
CRM0134, 21133253 ,Natalia Rojas,NATALIA.ROJAS.15@HOTMAIL.COM,1126338099,17/11/1955,70,f,CABA,C1425,PyME,03/07/2023,180000
CRM0135,22-710-041,Andres Fernandez, andres.fernandez.88@hotmail.com ,1175067631,28/01/1942,84,Masculino,Buenos Aires,E3100,Particular,07-06-23,180000
CRM0136,31-753-247,Pablo Alvarez,PABLO.ALVAREZ.51@EMPRESA.COM.AR,1121488030,1956-12-17,69,H,CABA,C1239,Particular,2023-08-29,
CRM0137,25-316-691,Lucía Castro, lucia.castro.42@outlook.com ,1135509107,1995-10-25,30,Masculino,CABA,C1425,PyME,03-10-23,180000
CRM0138,39132977,Valentina Acosta,VALENTINA.ACOSTA.65@HOTMAIL.COM,1158508097,1991-02-27,35,m,CABA,C1414,Empresa,2024-08-03,422968
CRM0139,34606750,Gonzalo Díaz, gonzalo.diaz.79@hotmail.com ,1125637404,08/08/1991,35,H,CABA,C1429,PyME,03-10-23,608056
CRM0140,43-818-225,Martin Gomez,martin.gomez.41@hotmail.com,1177979123,20-05-70,56,Varón,CABA,C1428,Particular,2024-01-25,567193
CRM0141, 47941422 ,Juan Sanchez, juan.sanchez.91@outlook.com ,1141303603,1997-09-07,28,D,CABA,C1406,PyME,17-04-23,411438
CRM0142,44.971.292,Nicolas Perez, nicolas.perez.85@gmail.com ,1133669778,1967-06-23,59,D,Entre Ríos,B1900,Particular,03/11/2022,758793
CRM0143,47-688-149,PAULA ROMERO, paula.romero.34@empresa.com.ar ,1121802164,07/09/1957,68,Femenino,CABA,C1406,Particular,2023-12-20,
CRM0144,46-599-673,Valentina Molina, valentina.molina.95@empresa.com.ar ,1146557487,08/07/1954,72,f,CABA,C1425,PyME,06/08/2024,408950
CRM0145,-,Daniela Acosta,daniela.acosta.75@hotmail.com,1171466836,26-04-42,84,Varón,Entre Ríos,X5000,Particular,2021-11-15,358029
CRM0146,28-714-365,LUCIA MARTINEZ, lucia.martinez.36@empresa.com.ar ,1131815459,08-07-90,36,m,Buenos Aires,E3100,PyME,2022-09-22,510235
CRM0147,23.923.342,Diego Suarez,CAMILA.FERNANDEZ.42@OUTLOOK.COM,1131844196,1997-11-07,28,F,Entre Ríos,E3100,Particular,10-07-21,311046
CRM0148,45-089-737,Juan Alvarez,JUAN.ALVAREZ.26@OUTLOOK.COM,1136225367,1998-01-14,28,Femenino,Entre Ríos,E3100,Particular,2021-08-20,999
CRM0149,43780736,Tomas A. Castro,TOMAS.ANDRES.CASTRO.35@HOTMAIL.COM,1149287377,15-01-65,61,Masculino,CABA,C1033,Particular,2025-12-15,253472
CRM0150,37.722.421,Laura Perez,laura.perez.69@outlook.com,1167135680,23-11-45,80,D,Córdoba,E3100,PyME,2025-04-16,1995095
CRM0151, 46448493 ,FRANCO ALVAREZ,FRANCO.ALVAREZ.80@GMAIL.COM,1134489618,1942-08-25,84,Varón,Entre Ríos,S2000,Particular,26/07/2021,413076
CRM0152,31982751,Sebastian Molina,SEBASTIAN.MOLINA.5@GMAIL.COM,1173269884,25/12/1981,44,M,CABA,C1406,PyME,2026-07-02,323976
CRM0153, 32727652 ,JUAN FERNANDEZ, juan.fernandez.17@outlook.com ,1166849103,10/06/1993,33,Varón,CABA,C1414,Particular,26-09-24,769977
CRM0154, 45632544 ,Sebastian Martinez, sebastian.martinez.14@hotmail.com ,1149827977,08-02-41,85,H,Córdoba,M5500,Particular,2024-11-20,465221
CRM0155,35358120,Leandro Castro, leandro.castro.79@empresa.com.ar ,1155429253,30/11/1963,62,D,CABA,C1033,Particular,2025-07-31,513429
CRM0156, 29602704 ,Andres Joaquin Medina,andres.joaquin.medina.5@gmail.com,1135073307,24-03-86,40,M,CABA,C1428,Particular,2025-12-05,310744
CRM0157, 27573014 ,MICAELA SUAREZ,maria.martinez.57@outlook.com,1135617875,21-10-07,18,,Buenos Aires,X5000,Particular,28-10-24,180000
CRM0158, 49806301 ,Camila Silva,CAMILA.SILVA.30@GMAIL.COM,1128707715,29/11/1962,63,H,CABA,C1064,Particular,16-05-25,282069
CRM0159,41-171-931,Camila Ortiz, camila.carolina.ortiz.84@empresa.com.ar ,1157428769,1956-10-12,69,H,CABA,C1431,Particular,16/12/2021,326486
CRM0160,24190469,Lucía Pérez,lucia.perez.63@outlook.com,1168121159,1958-06-18,68,Masculino,Mendoza,E3100,Particular,2021-02-11,477825
CRM0161,28010330,LEANDRO BENITEZ,LEANDRO.BENITEZ.85@EMPRESA.COM.AR,1163172036,1974-11-21,51,Varón,Córdoba,S2000,Particular,2026-06-08,424851
CRM0162,38114535,SOFIA MOLINA,sofia.molina.78@hotmail.com,1156220350,2005-08-31,21,Varón,Entre Ríos,S2000,Particular,10/06/2022,248939
CRM0163,23592131,Federico Suarez,federico.suarez.7@hotmail.com,1122103289,22-03-78,48,Masculino,Entre Ríos,S2000,Particular,01/04/2021,471099
CRM0164,29.907.459,Diego Ruiz, diego.ruiz.56@hotmail.com ,1150992981,21-02-87,39,m,CABA,C1180,Particular,2023-03-04,633487
CRM0165,49353599,MICAELA LOPEZ,micaela.lopez.66@hotmail.com,no informa,05-06-96,30,Masculino,CABA,C1431,Particular,2022-10-09,502174
CRM0166,40119844,Joaquin Martinez,joaquin.martinez.60@hotmail.com,1143445336,1941-11-21,84,Varón,CABA,C1414,Particular,20/08/2022,594526
CRM0167,31845329,Maria Andres Diaz,MARIA.ANDRES.DIAZ.25@EMPRESA.COM.AR,1150934538,10-01-45,81,D,Santa Fe,E3100,Particular,16/05/2021,856277
CRM0168,28608529,Micaela Suarez, micaela.suarez.48@empresa.com.ar ,1170365531,17/10/1973,52,Masculino,Buenos Aires,M5500,Particular,16-05-25,1103482
CRM0169, 36009614 ,Franco Gonzalo Sanchez, franco.gonzalo.sanchez.4@hotmail.com ,1130307979,23/02/1943,83,H,CABA,C1429,Particular,18-07-21,524736
CRM0170,21-719-500,Sofia C. Rojas,sofia.carolina.rojas.56@empresa.com.ar,1172897467,22-04-57,69,Varón,Buenos Aires,B1900,Particular,02-11-24,357211
CRM0171,32-874-715,Rocio Acosta, rocio.sofia.acosta.60@hotmail.com ,1157349153,13/09/1934,91,Varón,CABA,C1239,Particular,2022-10-06,921525
CRM0172, 38347512 ,NICOLAS CASTRO,nicolas.castro.93@gmail.com,1144859138,28/07/1957,69,H,CABA,C1431,Particular,23-03-21,1623691
CRM0173,20684393,MARIA RAMIREZ,MARIA.RAMIREZ.46@EMPRESA.COM.AR,1174184018,05-01-79,47,Varón,CABA,C1180,Particular,2023-02-02,674090
CRM0174, 38468173 ,Leandro Álvarez,leandro.alvarez.48@outlook.com,1122767671,2004-04-11,22,Masculino,Buenos Aires,X5000,Particular,29-03-26,480479
CRM0175,30.521.997,SEBASTIAN FLORES, sebastian.flores.5@empresa.com.ar ,1159148982,1973-06-14,53,Masculino,CABA,C1180,PyME,21-12-24,
CRM0176,39551520,Camila Rodriguez,camila.rodriguez.24@empresa.com.ar,1135371232,12/11/1984,41,Mujer,CABA,C1406,Particular,30-08-24,426174
CRM0177,20-179-048,Micaela Acosta,micaela.acosta.82@hotmail.com,1160551066,10/09/1970,55,f,Buenos Aires,E3100,Empresa,20/03/2022,379683
CRM0178,23.547.324,Martín Rodríguez,martin.rodriguez.3@hotmail.com,1175076527,25-12-57,68,Masculino,Córdoba,E3100,Particular,29-04-26,326088
CRM0179,24-901-084,Daniela Flores,DANIELA.FLORES.59@EMPRESA.COM.AR,1150820376,07-08-03,23,Mujer,CABA,C1406,PyME,10/01/2024,256918
CRM0180,42639178,Camila Suarez, camila.suarez.38@empresa.com.ar ,1155208004,1936-03-25,90,Femenino,CABA,C1239,Particular,2021-10-25,282633
CRM0181, 41474657 ,TOMAS SANCHEZ,tomas.sanchez.59@outlook.com,1145358353,1947-04-11,79,Masculino,CABA,C1113,PyME,07-08-21,1762633
CRM0182, 27853455 ,Micaela Natalia Acosta,FLORENCIAMARIASILVA27@GMAIL.COM,1137404610,27-08-59,67,D,CABA,C1414,Empresa,2024-08-25,261415
CRM0183,46370538,NATALIA MOLINA, natalia.molina.47@hotmail.com ,1130943682,21/11/1977,48,f,Mendoza,B1900,Particular,27-03-26,291235
CRM0184, 21724284 ,MARTIN FERNANDEZ,martin.fernandez.75@empresa.com.ar,1145214916,26/01/1973,53,F,Buenos Aires,X5000,Empresa,2025-02-17,538003
CRM0185, 20745050 ,Nicolas Martin Alvarez,NICOLAS.MARTIN.ALVAREZ.55@GMAIL.COM,1136631494,19/01/1952,74,f,Buenos Aires,M5500,Particular,2023-06-02,372788
CRM0186,25342306,Florencia Maria Silva, florencia.maria.silva.27@gmail.com ,1130975298,28-09-93,32,F,Buenos Aires,M5500,Empresa,01-06-23,591807
CRM0187,35-730-453,NICOLAS RODRIGUEZ,nicolas.rodriguez.14@outlook.com,N/A,13-11-74,51,Femenino,CABA,C1239,Particular,09/12/2022,185292
CRM0188,24-235-535,FEDERICO RODRIGUEZ,federico.rodriguez.87@gmail.com,1138306265,1994-08-09,32,f,Buenos Aires,M5500,Particular,14/07/2025,-1
CRM0189, 28986343 ,Camila Natalia Benítez,CAMILA.NATALIA.BENITEZ.5@HOTMAIL.COM,1177677194,22/07/2005,21,F,CABA,C1425,Particular,19/05/2025,-1
CRM0190,30-922-923,Valentina Castro, valentina.castro.51@gmail.com ,1177648800,2002-05-01,24,m,CABA,C1180,Particular,23/01/2026,241838
CRM0191, 37064102 ,GONZALO FERNANDEZ,gonzalo.fernandez.44@gmail.com,1148132805,22-03-78,48,D,Buenos Aires,B1900,Particular,28-07-21,903674
CRM0192, 37041244 ,Franco Sanchez,franco.sanchez.34@outlook.com,1162280727,24-02-49,77,Masculino,Buenos Aires,M5500,Particular,2023-04-23,707634
CRM0193,37-864-066,Martin Silva,martin.silva.2@outlook.com,1122280064,29-09-41,84,H,Buenos Aires,B1900,PyME,2022-06-21,307482
CRM0194,49-827-543,Carolina Gomez,carolina.gomez.46@outlook.com,1144574362,1967-10-11,58,Varón,CABA,C1428,Particular,2023-09-05,813820
CRM0195,40251826,Carlos M. Torres,carlos.micaela.torres.8@gmail.com,1167148304,1998-07-11,28,F,CABA,C1113,PyME,2021-02-20,537193
CRM0196,29.668.540,JOAQUIN ORTIZ, joaquin.ortiz.1@outlook.com ,1158650327,03-06-55,71,M,Buenos Aires,S2000,Particular,06/07/2025,740714
CRM0197,23085199,LUCIA MARTINEZ,LUCIA.MARTINEZ.41@EMPRESA.COM.AR,1148527280,14-11-63,62,D,Córdoba,X5000,Empresa,2023-04-09,679592
CRM0198, 20427454 ,Nicolas Rojas,nicolas.rojas.15@gmail.com,N/A,1971-12-28,54,D,Córdoba,E3100,Particular,14-03-25,570242
CRM0199,40.893.195,Agustina Benítez,agustina.benitez.49@empresa.com.ar,1152898836,13/06/1946,80,Mujer,CABA,C1429,Particular,01/07/2021,278560
CRM0200, 42983194 ,Camila Lopez, camila.lopez.23@gmail.com ,1134672527,05/10/1975,50,Varón,CABA,C1064,Particular,22-09-22,501566
CRM0201,33-606-535,Nicolas Alvarez,nicolas.pablo.alvarez.82@hotmail.com,1142955383,11-07-49,77,f,Buenos Aires,X5000,Particular,27-02-22,266223
CRM0202,29.859.679,Lucia Diaz, lucia.diaz.27@empresa.com.ar ,1173849033,27-04-42,84,Mujer,CABA,C1406,Particular,03/07/2022,335517
CRM0203,28.968.962,AGUSTINA PEREZ, agustina.perez.57@empresa.com.ar ,1130281123,1966-05-03,60,M,CABA,C1428,Particular,13-03-25,767673
CRM0204, 38461737 ,Sofia Sanchez,sofia.sanchez.35@gmail.com,1145960231,10/12/1959,66,D,CABA,C1414,PyME,02-03-23,453638
CRM0205,24.574.332,Camila Navarro,CAMILA.NAVARRO.72@HOTMAIL.COM,,1953-07-29,73,F,CABA,C1239,Particular,13-03-26,920211
CRM0206, 40836181 ,Daniela Acosta,daniela.acosta.16@empresa.com.ar,1128432112,02/09/1944,81,F,Mendoza,S2000,Particular,12/05/2025,913775
CRM0207, 40887002 ,Laura Flores, laura.flores.94@outlook.com ,,22/12/1963,62,H,CABA,C1406,Particular,2026-04-09,1645504
CRM0208,30870176,Carolina Fernandez,carolina.fernandez.74@gmail.com,1140708764,1973-06-07,53,F,Buenos Aires,X5000,Particular,19/11/2024,453599
CRM0209, 44308683 ,MICAELA PEREZ, micaela.perez.33@hotmail.com ,1126747706,15/09/1978,47,D,CABA,C1406,Particular,2026-03-12,419412
CRM0210,27-925-713,Sebastian Lucia Medina, sebastian.lucia.medina.72@outlook.com ,1150049476,15/01/1950,76,Femenino,Córdoba,X5000,Particular,26/12/2025,935653
CRM0211,21.747.335,Agustina Silva,AGUSTINA.SILVA.20@HOTMAIL.COM,1120357972,17/03/1940,86,m,CABA,C1406,PyME,2022-05-19,1098254
CRM0212,39012467,Camila Ruiz,camila.ruiz.19@empresa.com.ar,1170886867,19/12/1947,78,M,CABA,C1431,PyME,2024-09-20,
CRM0213, 28264662 ,MARTIN ALVAREZ, martin.alvarez.77@gmail.com ,1130160830,2005-12-03,20,Mujer,Buenos Aires,X5000,PyME,25/07/2021,358337
CRM0214,34-586-391,Sofía López,SOFIA.LOPEZ.17@GMAIL.COM,1166626336,10-04-80,46,H,Córdoba,M5500,Particular,2021-04-26,221012
CRM0215,24204533,Laura Acosta,LAURA.ACOSTA.48@EMPRESA.COM.AR,1125054273,02-03-83,43,Varón,CABA,C1064,Particular,26/01/2021,2996512
CRM0216,30530215,Micaela Gomez,micaela.gomez.46@hotmail.com,1176511718,1944-03-16,82,m,Buenos Aires,E3100,Particular,03/04/2026,420441
CRM0217, 43505109 ,Sebastian Romero,SEBASTIAN.SOFIA.ROMERO.38@EMPRESA.COM.AR,1171725664,02-05-63,63,Varón,CABA,C1429,Particular,10/01/2022,568981
CRM0218,32.359.987,Leandro Ruiz, leandro.ruiz.92@empresa.com.ar ,,12-10-91,34,Mujer,CABA,C1428,Particular,2024-01-23,218928
CRM0219,33-526-647,Leandro Lopez,LEANDRO.LOPEZ.6@HOTMAIL.COM,1125836056,14/05/1943,83,m,Buenos Aires,B1900,Particular,14/05/2021,978977
CRM0220,23.168.551,Valentina Benitez, valentina.benitez.51@empresa.com.ar ,1174649883,1964-04-30,62,m,Mendoza,E3100,Particular,22/11/2022,524019
CRM0221,23.357.600,Franco Diaz,no informa,1175418259,2003-01-06,23,M,Córdoba,B1900,Particular,2025-12-16,450651
CRM0222,36798787,Sofía Tomás Ramírez,sofia.tomas.ramirez.21@gmail.com,1178957767,2007-08-15,19,D,Córdoba,S2000,Particular,05/03/2021,-1
CRM0223,45-217-576,Gonzalo Acosta, gonzalo.acosta.33@gmail.com ,1161544715,24/03/1986,40,Mujer,CABA,C1406,Particular,13-08-25,341625
CRM0224,27-879-413,NATALIA SANCHEZ,natalia.sanchez.56@outlook.com,1172823362,19-04-66,60,D,Santa Fe,S2000,Particular,14-03-22,350751
CRM0225, 42904548 ,Camila Alvarez,camila.alvarez.40@hotmail.com,1175121872,1952-09-05,73,M,CABA,C1239,Particular,06/03/2024,226704
CRM0226,44413276,Paula Ortiz,paula.ortiz.63@gmail.com,1165035541,1964-04-13,62,f,CABA,C1406,Particular,2021-10-24,368512
CRM0227,20-993-851,Franco Ortiz, franco.tomas.ortiz.78@empresa.com.ar ,1147973538,17-08-44,82,Masculino,CABA,C1429,Particular,29-10-25,908069
CRM0228, 36206940 ,Sebastian Torres, sebastian.torres.65@hotmail.com ,1143976208,17/04/1959,67,M,CABA,C1180,Particular,15-08-21,303705
CRM0229,47537865,Paula Rodriguez,PAULA.RODRIGUEZ.8@EMPRESA.COM.AR,1121548976,1948-05-28,78,Femenino,CABA,C1428,PyME,07/02/2023,330641
CRM0230, 24733378 ,Florencia Ramírez,florencia.ramirez.11@hotmail.com,1158610027,17/06/2000,26,F,Buenos Aires,B1900,Particular,2025-02-04,-1
CRM0231,36602230,Paula Benítez, paula.benitez.13@gmail.com ,1167865559,1998-05-07,28,Mujer,CABA,C1180,Particular,25/06/2025,308976
CRM0232, 44010614 ,Valentina Silva, valentina.silva.14@outlook.com ,1154283817,2003-03-16,23,F,Buenos Aires,B1900,Particular,15/04/2021,2151479
CRM0233,29-830-399,Florencia Navarro,FLORENCIA.NAVARRO.60@OUTLOOK.COM,1120501474,09/10/1984,41,Femenino,Córdoba,E3100,Particular,28-06-25,761825
CRM0234,48.263.105,Pablo Acosta, pablo.acosta.53@outlook.com ,1179948098,14/05/1986,40,M,CABA,C1428,PyME,01/01/2021,515093
CRM0235,30.232.483,PABLO SANCHEZ,pablo.sanchez.64@empresa.com.ar,1154731179,1941-05-08,85,Varón,CABA,C1414,Particular,06/01/2024,397221
CRM0236,39385527,Juan Diaz, juan.andres.diaz.9@empresa.com.ar ,1137002480,10/10/2001,24,m,CABA,C1429,Particular,09-10-23,383226
CRM0237,40625417,FEDERICO RODRIGUEZ,FEDERICO.RODRIGUEZ.13@GMAIL.COM,sin dato,23-08-03,23,M,CABA,C1429,Particular,21/05/2024,-1
CRM0238, 46449403 ,Daniela Flores,daniela.flores.74@hotmail.com,1170062576,18/03/2002,24,H,CABA,C1406,Empresa,2023-01-30,216011
CRM0239, 35192299 ,Rocio Natalia Perez, rocio.natalia.perez.6@outlook.com ,1172364926,05-05-83,43,Masculino,CABA,C1113,Particular,21/12/2022,312127
CRM0240,sin dato,Pablo Paula Flores, pablo.paula.flores.85@hotmail.com ,1161156503,01/08/1986,40,M,CABA,C1406,Particular,04-10-21,-1
CRM0241, 32802482 ,Matías Acosta,MATIAS.ACOSTA.85@OUTLOOK.COM,1159628365,1971-12-12,54,F,CABA,C1431,Particular,2022-06-30,751724
CRM0242,25584143,CAROLINA MOLINA,CAROLINA.MOLINA.25@GMAIL.COM,1160057890,1966-12-01,59,f,CABA,C1425,Particular,26/08/2024,764818
CRM0243, 24949709 ,Carolina Sanchez, carolina.sanchez.49@outlook.com ,1179503446,09-10-37,88,M,CABA,C1033,Particular,12-01-22,334208
CRM0244,no informa,Andres Martinez,ANDRES.MARTINEZ.5@GMAIL.COM,,05-02-98,28,Mujer,CABA,C1429,PyME,21-10-23,672640
CRM0245,23-605-706,Agustina Silva, agustina.silva.95@outlook.com ,1174798956,06-07-43,83,Varón,CABA,C1239,Particular,10/02/2024,721034
CRM0246,26.510.916,Franco Castro,FRANCO.CASTRO.88@HOTMAIL.COM,,28-02-98,28,H,CABA,C1180,Particular,21-03-25,188611
CRM0247,49-976-237,Matías Medina, matias.medina.10@outlook.com ,1137435641,1989-08-16,37,Mujer,Córdoba,M5500,Particular,21-02-22,606680
CRM0248,27095289,Martin Silva,FLORENCIA.SANCHEZ.8@HOTMAIL.COM,1124819720,05-02-36,90,no informa,CABA,C1406,Particular,14/02/2023,916227
CRM0249,28542539,Rocio Joaquin Rojas,ROCIO.JOAQUIN.ROJAS.58@OUTLOOK.COM,1144082392,20/02/1989,37,Mujer,Entre Ríos,X5000,Particular,04-01-24,876597
CRM0250, 48154472 ,Martín Gómez, martin.gomez.24@outlook.com ,1122405830,24/07/1966,60,M,CABA,C1406,Particular,06/06/2025,947014
CRM0251,20.597.611,JUAN FLORES,JUAN.FLORES.26@OUTLOOK.COM,1163245703,2003-11-18,22,Mujer,CABA,C1033,Particular,23/10/2021,483014
CRM0252,47.454.867,Sebastian Molina,SEBASTIAN.MOLINA.13@GMAIL.COM,1153321832,16-01-46,80,Varón,Mendoza,S2000,Particular,07/07/2023,309217
CRM0253,35841675,Camila Rojas,camila.rojas.41@hotmail.com,1151120705,11-01-46,80,Masculino,Buenos Aires,X5000,Particular,2025-05-11,765516
CRM0254, 36852731 ,MARIA ROCIO CASTRO, maria.rocio.castro.41@outlook.com ,1167806205,13/09/1948,77,M,CABA,C1431,Particular,25/01/2023,706028
CRM0255,26-496-900,Federico Fernández,federico.fernandez.39@empresa.com.ar,1166748986,21-09-54,71,m,CABA,C1406,Particular,22/06/2026,468251
CRM0256,33.654.801,Daniela Acosta,daniela.acosta.19@outlook.com,sin dato,13/12/1971,54,Varón,Mendoza,X5000,Particular,2023-05-06,629538
CRM0257,35699736,Julieta Molina, julieta.molina.58@outlook.com ,1171267549,25/06/1974,52,F,CABA,C1414,Particular,2026-06-17,1083534
CRM0258, 31483836 ,Leandro Ortiz,leandro.ortiz.34@hotmail.com,1120236181,26-01-00,26,f,CABA,C1425,Particular,2024-07-30,995280
CRM0259,21965745,LAURA ROMERO, laura.romero.9@empresa.com.ar ,1151677609,21-10-76,49,M,CABA,C1033,Particular,05/08/2023,337591
CRM0260,39841977,Diego Diaz,diego.diaz.7@gmail.com,1129905985,1955-08-02,71,Femenino,Córdoba,X5000,Particular,01/03/2024,576085
CRM0261,46.557.072,Natalia Lopez,natalia.lopez.16@empresa.com.ar,1169498756,17/09/2007,18,f,Buenos Aires,S2000,Particular,14-08-25,332739
CRM0262, 37549291 ,Sofia Ortiz,sofia.ortiz.94@gmail.com,1159793869,1978-03-06,48,D,CABA,C1425,PyME,11-08-23,648683
CRM0263, 31017940 ,Paula Sebastian Silva, paula.sebastian.silva.25@empresa.com.ar ,1157404675,20/09/1938,87,Masculino,Córdoba,S2000,Particular,24/10/2021,428309
CRM0264,41284081,AGUSTINA PAULA ALVAREZ,agustina.paula.alvarez.42@hotmail.com,1158722721,06/10/1967,58,D,Córdoba,X5000,PyME,07/12/2021,
CRM0265,29-710-829,Julieta Lopez,JULIETA.LOPEZ.96@HOTMAIL.COM,1120067297,11/02/1985,41,Femenino,Santa Fe,B1900,Particular,09-04-26,357756
CRM0266, 35078650 ,MICAELA RAMIREZ,micaela.ramirez.12@hotmail.com,1139073662,05-02-70,56,m,CABA,C1033,Particular,01-09-23,345945
CRM0267,22-931-184,Tomas A. Torres,TOMAS.ANDRES.TORRES.70@HOTMAIL.COM,-,19/12/1957,68,Femenino,Santa Fe,X5000,Particular,31/08/2023,972794
CRM0268,23508682,Natalia Rojas,NATALIA.ROJAS.23@OUTLOOK.COM,1148867442,17-04-79,47,N/A,CABA,C1064,Particular,23/11/2023,592485
CRM0269,22-600-186,Carolina Gomez,carolina.gomez.69@hotmail.com,1145313171,12-12-36,89,f,CABA,C1428,PyME,25-12-22,680029
CRM0270,30.165.626,FRANCO FLORES,franco.flores.88@gmail.com,1163013167,1999-05-11,27,m,CABA,C1414,Empresa,11-04-22,1447998
CRM0271,47169884,Camila Diaz,camila.diaz.68@empresa.com.ar,1142901192,15/04/1935,91,H,CABA,C1180,Particular,23/10/2024,935304
CRM0272,21-637-899,Pablo Rodriguez,PABLO.RODRIGUEZ.1@EMPRESA.COM.AR,-,30/03/1980,46,D,CABA,C1033,PyME,30-10-21,716769
CRM0273,30.326.929,Sebastian Acosta,sebastian.acosta.15@hotmail.com,1155786436,22-04-79,47,no informa,Entre Ríos,S2000,Particular,29/09/2023,999
CRM0274,47828535,Rocio Fernandez,ROCIO.FERNANDEZ.32@GMAIL.COM,1159603059,26-09-95,30,F,Mendoza,M5500,Particular,16/06/2023,627383
CRM0275,45.940.821,Joaquin Flores,joaquin.flores.26@outlook.com,1146707026,16-10-83,42,m,Buenos Aires,B1900,Particular,08-07-22,714688
CRM0276,37563209,Joaquin Sanchez,joaquin.sanchez.47@gmail.com,1161952639,1986-09-03,39,F,CABA,C1064,Empresa,19-03-25,345673
CRM0277, 49292366 ,Lucia Gomez,lucia.gomez.8@gmail.com,1130419709,1978-03-09,48,Femenino,CABA,C1239,Particular,2021-03-27,865761
CRM0278,35.207.532,Rocio Silva,rocio.silva.12@hotmail.com,1162804678,1957-11-11,68,Femenino,Córdoba,B1900,Particular,13-09-24,472442
CRM0279,35.098.516,Joaquin Silva,joaquin.silva.37@gmail.com,1172073086,06-04-66,60,m,Córdoba,M5500,Particular,27/11/2024,478681
CRM0280,47.055.861,JOAQUIN LOPEZ,JOAQUIN.LOPEZ.59@GMAIL.COM,1142205465,2005-07-11,21,Femenino,Buenos Aires,B1900,Particular,2023-08-11,225888
CRM0281,40.665.538,Julieta Castro,JULIETA.CASTRO.74@OUTLOOK.COM,1171509505,18-09-96,29,D,Santa Fe,M5500,Particular,18/09/2022,201747
CRM0282,45728243,Natalia Molina,NATALIA.MOLINA.63@OUTLOOK.COM,1130034553,17-07-46,80,F,CABA,C1414,Particular,2021-10-14,262982
CRM0283,28.862.863,Carlos Gonzalo Navarro, carlos.gonzalo.navarro.64@outlook.com ,1121185587,13/04/1934,92,f,Mendoza,X5000,Particular,13/11/2021,765163
CRM0284,35377986,Diego Fernandez,diego.fernandez.82@hotmail.com,1140319015,1943-12-06,82,D,CABA,C1406,Particular,2025-06-19,807746
CRM0285,39.650.034,Federico Perez,FEDERICO.PEREZ.74@EMPRESA.COM.AR,1165024751,15/10/2007,18,Masculino,CABA,C1429,PyME,12-07-24,289963
CRM0286,44521528,Carlos Nicolás Benítez, federico.acosta.77@gmail.com ,1136915581,14-08-63,63,m,CABA,C1425,Particular,19/01/2021,1085361
CRM0287,42-304-016,Nicolas Silva,NICOLAS.SILVA.22@OUTLOOK.COM,1165913321,1994-05-02,32,m,CABA,C1429,Particular,09/02/2026,738031
CRM0288,21-857-772,Rocio Laura Ortiz,ROCIO.LAURA.ORTIZ.29@OUTLOOK.COM,1129681653,1971-07-11,55,D,CABA,C1429,Particular,15-01-25,297802
CRM0289, 32337204 ,Agustina Florencia Silva,agustina.florencia.silva.41@empresa.com.ar,1122553272,22/04/1947,79,Mujer,Buenos Aires,X5000,Particular,2024-04-21,923010
CRM0290,44.756.583,Tomas Acosta, tomas.acosta.39@gmail.com ,1162691653,15/10/2003,22,m,CABA,C1431,Particular,24-03-23,429447
CRM0291,45-174-168,Gonzalo Acosta, gonzalo.acosta.77@outlook.com ,1167815472,19/04/1964,62,Femenino,Buenos Aires,E3100,Particular,16-04-26,874659
CRM0292,27693916,Leandro Molina,leandro.molina.35@empresa.com.ar,1145250041,18/11/1978,47,Femenino,Córdoba,X5000,Particular,10/02/2025,321994
CRM0293,36970022,AGUSTINA NAVARRO,AGUSTINA.NAVARRO.84@GMAIL.COM,1174083906,25/04/1985,41,f,Buenos Aires,X5000,Particular,22/07/2024,432587
CRM0294,20084930,CAROLINA ROJAS,CAROLINA.ROJAS.43@OUTLOOK.COM,1168929949,21/08/1980,46,f,Entre Ríos,E3100,Particular,11/08/2023,499371
CRM0295,35.398.216,ANDRES RAMIREZ,andres.ramirez.44@gmail.com,1127049865,1965-04-17,61,F,Entre Ríos,M5500,Particular,25/09/2023,370275
CRM0296,22799665,Leandro Juan Pérez,leandro.juan.perez.84@empresa.com.ar,1132462938,20-10-34,91,m,Buenos Aires,X5000,Particular,2022-12-23,1238121
CRM0297,35.382.999,Julieta Carlos Navarro,julieta.carlos.navarro.18@hotmail.com,1138531410,05-04-81,45,m,CABA,C1180,Particular,28/03/2022,700019
CRM0298,40854800,MARIA ANDRES ROMERO, maria.andres.romero.57@hotmail.com ,1120154160,03/07/1950,76,Varón,Buenos Aires,M5500,Particular,2025-02-22,612564
CRM0299, 22512916 ,Sebastian Medina,SEBASTIAN.MEDINA.17@GMAIL.COM,1133544786,10/03/1963,63,Femenino,Córdoba,B1900,PyME,21/12/2024,1054679
CRM0300,20315891,ANDRES BENITEZ,andres.benitez.68@hotmail.com,1137355219,17-11-07,18,Masculino,CABA,C1431,Particular,24-07-24,735737
CRM0301,41.157.224,Leandro Díaz, leandro.diaz.10@outlook.com ,1166410526,1987-09-28,38,H,Buenos Aires,S2000,Particular,10-10-21,1591564
CRM0302,44-753-798,Natalia Rocío Castro,NATALIA.ROCIO.CASTRO.20@GMAIL.COM,1173843244,17-11-85,40,Varón,CABA,C1428,Particular,2023-05-06,677821
CRM0303,no informa,FEDERICO FERNANDEZ,FEDERICO.FERNANDEZ.29@GMAIL.COM,1171479752,2002-05-18,24,m,CABA,C1406,PyME,17/04/2023,913625
CRM0304,47195016,Rocío Martínez,rocio.martinez.92@empresa.com.ar,1168228307,1940-10-24,85,Masculino,CABA,C1113,Particular,05/10/2024,180000
CRM0305,35955326,Matías Torres,matias.torres.74@gmail.com,1128180551,02-05-38,88,Varón,Buenos Aires,X5000,Particular,05/06/2022,538102
CRM0306, 41532957 ,Paula Torres, martinacosta15@gmail.com ,1177289038,06-05-04,22,Mujer,Buenos Aires,S2000,Particular,23/06/2026,923368
CRM0307, 26686805 ,LEANDRO RUIZ,LEANDRO.RUIZ.11@GMAIL.COM,1126198118,1963-08-30,63,f,Buenos Aires,X5000,Particular,10-12-24,784263
CRM0308,35.173.085,Juan Ortiz,sin dato,1140158938,14-10-85,40,Varón,CABA,C1064,Particular,30-06-24,
CRM0309,38-504-572,Gonzalo Navarro, gonzalo.navarro.85@empresa.com.ar ,1159539769,21/09/1965,60,D,CABA,C1406,Particular,2021-01-16,999
CRM0310, 23824598 ,Diego Agustina Fernandez,DIEGO.AGUSTINA.FERNANDEZ.81@OUTLOOK.COM,no informa,1986-02-07,40,Mujer,CABA,C1033,Particular,05/07/2021,285353
CRM0311,43.384.744,Andres Torres,ANDRES.TORRES.0@HOTMAIL.COM,1155860599,03/06/1975,51,D,Santa Fe,B1900,Empresa,04-05-25,485303
CRM0312, 35769560 ,Paula Lopez,paula.lopez.52@hotmail.com,1125973371,1978-01-27,48,-,Córdoba,X5000,Particular,07-06-22,903498
CRM0313,35.509.837,Joaquin Rodriguez, joaquin.rodriguez.68@gmail.com ,1134232734,23-11-89,36,m,CABA,C1064,Particular,29/05/2026,502545
CRM0314,44685062,Diego Ortiz,DIEGO.ORTIZ.16@OUTLOOK.COM,,19-05-78,48,H,CABA,C1406,Particular,22/12/2022,373285
CRM0315,35.189.584,Lucia Medina,LUCIA.MEDINA.52@EMPRESA.COM.AR,1148594627,1974-10-28,51,Mujer,CABA,C1180,Particular,12-01-25,242486
CRM0316,37-232-873,Pablo Suárez,PABLO.SUAREZ.40@GMAIL.COM,1144885084,1998-07-09,28,Masculino,CABA,C1429,PyME,2023-12-05,1362103
CRM0317,34.263.147,JOAQUIN ROMERO,JOAQUIN.ROMERO.73@EMPRESA.COM.AR,1141563449,1948-09-27,77,D,CABA,C1064,Particular,17-11-25,497577
CRM0318, 34917667 ,Agustina Sanchez,agustina.sanchez.5@outlook.com,1170090433,2001-03-21,25,H,Entre Ríos,X5000,Particular,2021-06-20,604022
CRM0319,35-773-575,Rocio Ramirez,ROCIO.RAMIREZ.71@GMAIL.COM,1162958443,06/08/2002,24,H,CABA,C1113,PyME,29/03/2023,417893
CRM0320,46369729,Sebastian Gomez,SEBASTIAN.GOMEZ.89@OUTLOOK.COM,1169758174,18-01-48,78,f,CABA,C1064,Particular,28-07-22,236688
CRM0321, 25978394 ,FLORENCIA VALENTINA GOMEZ,florencia.valentina.gomez.22@hotmail.com,1177220418,1976-11-30,49,F,CABA,C1180,PyME,2021-09-07,489935
CRM0322,30-030-701,Camila Suarez,CAMILA.SUAREZ.23@HOTMAIL.COM,1178816915,07/04/1935,91,H,CABA,C1406,Particular,30/04/2026,471160
CRM0323,45343710,Tomas Ortiz, tomas.ortiz.50@empresa.com.ar ,1146307011,05-04-83,43,Varón,CABA,C1431,Particular,31-07-22,326972
CRM0324, 28876929 ,JUAN CASTRO,JUAN.CASTRO.68@GMAIL.COM,,09/09/2006,19,f,Córdoba,S2000,Particular,27/11/2025,259392
CRM0325,42.677.644,Micaela Franco Silva,MICAELA.FRANCO.SILVA.87@GMAIL.COM,1137620180,24/10/2001,24,H,Buenos Aires,B1900,Particular,2023-01-14,247308
CRM0326, 35578471 ,Diego Navarro,diego.navarro.49@empresa.com.ar,1165991876,01/03/1992,34,Varón,CABA,C1239,Particular,07/05/2025,847953
CRM0327, 42645423 ,Paula Suarez,PAULA.SUAREZ.46@HOTMAIL.COM,1133331939,04/07/1977,49,H,CABA,C1431,PyME,13/03/2021,185217
CRM0328, 34744180 ,Valentina Sanchez,valentina.sanchez.31@hotmail.com,sin dato,10/06/2000,26,F,CABA,C1428,Particular,12/05/2025,554870
CRM0329, 43331525 ,VALENTINA ORTIZ, valentina.ortiz.30@outlook.com ,1143773592,22-08-52,74,Femenino,CABA,C1239,Particular,2023-06-10,268646
CRM0330, 26962804 ,Valentina Rodriguez,VALENTINA.RODRIGUEZ.17@HOTMAIL.COM,1136265467,15/05/1980,46,Femenino,CABA,C1431,Particular,11/01/2024,546779
CRM0331,33.225.987,Carlos Torres,carlos.torres.89@gmail.com,1126122183,1973-07-02,53,m,CABA,C1431,PyME,2024-04-28,353479
CRM0332, 48268178 ,Martín Rodríguez,martin.rodriguez.45@empresa.com.ar,1160230547,27/12/2007,18,Mujer,CABA,C1406,Particular,30/06/2023,560301
CRM0333,,LUCIA PEREZ,lucia.perez.32@hotmail.com,1150423188,1952-05-20,74,F,CABA,C1429,PyME,12/05/2023,604086
CRM0334, 37231199 ,Laura Molina,LAURA.MOLINA.7@GMAIL.COM,1159601494,16-08-74,52,M,Entre Ríos,E3100,Particular,24/07/2023,1865429
CRM0335,36-704-658,Lucía Castro,lucia.castro.58@empresa.com.ar,1142841797,05/11/1951,74,m,Buenos Aires,X5000,Particular,2023-09-21,180000
CRM0336,46187700,Tomas Lopez, tomas.matias.lopez.11@empresa.com.ar ,1177126384,13-04-77,49,M,Buenos Aires,S2000,Particular,2023-06-30,180000
CRM0337,36.322.259,Joaquin S. Martinez,joaquin.sofia.martinez.66@outlook.com,1128305739,10-11-96,29,sin dato,Santa Fe,B1900,Particular,17/06/2026,599952
CRM0338,20-456-261,Andres Ramirez,andres.ramirez.83@empresa.com.ar,1170325146,1948-08-22,78,Masculino,Santa Fe,X5000,Particular,2023-09-16,449878
CRM0339, 47496897 ,Pablo Suarez,pablo.suarez.21@hotmail.com,1127151902,21-05-94,32,Varón,Buenos Aires,M5500,Particular,14/05/2021,712009
CRM0340,24.773.954,Federico A. Martinez,federico.andres.martinez.46@hotmail.com,1138009833,1957-12-21,68,m,Buenos Aires,M5500,Particular,2022-11-15,338911
CRM0341,41-302-790,Carlos Romero,CARLOS.ROMERO.22@OUTLOOK.COM,1139878298,2007-10-02,18,F,CABA,C1428,Particular,2023-04-16,414025
CRM0342,42-000-097,Federico Suárez,federico.suarez.19@outlook.com,1131810276,04/08/1987,39,f,Buenos Aires,E3100,Empresa,14-10-22,
CRM0343,42-489-808,Leandro Romero,leandro.romero.6@hotmail.com,1173063747,21-02-84,42,Masculino,Córdoba,S2000,Particular,2025-08-24,426607
CRM0344, 35148204 ,Diego Benítez, diego.benitez.72@gmail.com ,1142502177,30/12/1991,34,D,Santa Fe,M5500,Particular,30/05/2022,576036
CRM0345, 20743307 ,Tomas Rojas,tomas.rojas.38@gmail.com,1159227046,1962-11-02,63,Masculino,CABA,C1425,Particular,2022-06-12,526741
CRM0346, 47206877 ,Leandro Perez, leandro.tomas.perez.84@empresa.com.ar ,1159466827,16-07-40,86,F,Buenos Aires,S2000,Particular,14-02-21,537821
CRM0347, 20724070 ,DANIELA LAURA ROJAS, daniela.laura.rojas.70@hotmail.com ,1136136873,1994-06-04,32,m,CABA,C1428,Particular,27-11-22,452259
CRM0348, 29261852 ,PAULA CASTRO,,1134713048,21-01-35,91,Femenino,Buenos Aires,M5500,Particular,06/02/2025,1092451
CRM0349, 28288387 ,Camila Alvarez,CAMILA.ALVAREZ.82@OUTLOOK.COM,1144927971,1993-01-17,33,Varón,Santa Fe,S2000,PyME,2023-09-18,368870
CRM0350,33986162,Laura Rocío Molina,laura.rocio.molina.64@gmail.com,1138518677,1966-07-11,60,H,Buenos Aires,E3100,Particular,23/05/2022,299197
CRM0351,,Martín Tomás Ortiz,MARTIN.TOMAS.ORTIZ.3@HOTMAIL.COM,N/A,05-11-45,80,m,CABA,C1406,Particular,20/11/2021,439768
CRM0352,46014144,NATALIA PEREZ,N/A,1159483452,1951-06-04,75,H,CABA,C1064,Particular,02-12-25,275115
CRM0353,41080774,Paula S. Ortiz, paula.sofia.ortiz.86@outlook.com ,1122491106,22-07-62,64,H,Santa Fe,E3100,PyME,2023-01-16,348768
CRM0354,29-726-897,Micaela Julieta Fernandez, micaela.julieta.fernandez.63@outlook.com ,1157187157,09/09/1978,47,H,CABA,C1428,Particular,2025-10-03,319869
CRM0355,24.469.145,FLORENCIA PEREZ,florencia.perez.36@empresa.com.ar,,30/10/1983,42,no informa,CABA,C1428,Particular,2023-06-15,657887
CRM0356,28693887,Natalia Castro,natalia.castro.64@empresa.com.ar,1154759334,24-09-97,28,H,CABA,C1429,Particular,17-03-23,641238
CRM0357, 46801996 ,VALENTINA GOMEZ,sin dato,1123279726,18-11-88,37,Femenino,CABA,C1239,Particular,2022-11-28,458211
CRM0358,42-230-847,Carolina Ramirez,carolina.ramirez.90@outlook.com,1130301938,09/11/1969,56,H,CABA,C1180,Particular,02/12/2024,506264
CRM0359,40343360,Lucia Benitez,LUCIA.BENITEZ.4@GMAIL.COM,1166519303,16/07/1964,62,N/A,CABA,C1414,Particular,09-02-21,576229
CRM0360,31.280.298,Leandro Ortiz, leandro.ortiz.37@outlook.com ,1123645842,2007-07-11,19,D,CABA,C1239,Particular,02-11-22,532258
CRM0361,25.193.527,ANDRES GOMEZ,ANDRES.GOMEZ.89@GMAIL.COM,1160667304,07/11/1991,34,m,CABA,C1429,PyME,2023-08-04,
CRM0362,37167854,Pablo Rojas, pablo.rojas.78@empresa.com.ar ,1162620328,04/04/1985,41,Mujer,Mendoza,S2000,Particular,17-09-22,999
CRM0363,22.186.368,PABLO FERNANDEZ, pablo.fernandez.0@empresa.com.ar ,1153214822,07-10-06,19,H,Buenos Aires,S2000,PyME,09/01/2023,510756
CRM0364,42.223.134,PAULA MARTIN FLORES,PAULA.MARTIN.FLORES.53@GMAIL.COM,1140186111,2002-05-09,24,Varón,Buenos Aires,X5000,Particular,01/06/2025,421999
CRM0365,45.813.816,Agustina Benitez,AGUSTINA.BENITEZ.96@EMPRESA.COM.AR,1178136263,1975-02-27,51,Varón,Entre Ríos,B1900,Particular,2022-12-06,688597
CRM0366,35.960.077,Sofía Micaela Gómez,,1142951874,11-11-88,37,Mujer,Entre Ríos,B1900,PyME,16-12-24,211661
CRM0367,24-483-099,Natalia Acosta, natalia.acosta.20@gmail.com ,1176011900,1938-11-12,87,Varón,Buenos Aires,E3100,Particular,12-03-22,203388
CRM0368,35315778,Natalia Romero, natalia.romero.78@gmail.com ,-,1961-07-27,65,f,CABA,C1239,Particular,21-12-21,297062
CRM0369,47-719-403,Federico Alvarez,federico.alvarez.23@hotmail.com,1158519700,1997-01-07,29,,Buenos Aires,M5500,Particular,17-10-23,728024
CRM0370,20-450-620,Nicolás Franco Fernández,NICOLAS.FRANCO.FERNANDEZ.26@OUTLOOK.COM,1132304241,03/05/1986,40,H,CABA,C1064,Empresa,01/07/2022,1222941
CRM0371,45811099,Micaela Laura Torres, micaela.laura.torres.7@outlook.com ,1125333409,2008-06-03,18,m,Buenos Aires,X5000,PyME,2023-01-29,537721
CRM0372,30.341.659,Joaquín Castro,JOAQUIN.CASTRO.1@HOTMAIL.COM,1154338188,07/06/2000,26,Mujer,CABA,C1428,Particular,13-10-25,1003471
CRM0373,32484270,Lucia Torres,lucia.torres.66@outlook.com,1121679989,1977-10-01,48,M,CABA,C1428,Particular,13/01/2024,622527
CRM0374,24928771,Paula Benitez,PAULA.BENITEZ.69@OUTLOOK.COM,1160567866,14-03-59,67,M,Córdoba,S2000,Particular,15/12/2022,385803
CRM0375,42-995-931,JULIETA RODRIGUEZ,JULIETA.RODRIGUEZ.21@GMAIL.COM,1151734655,20-06-43,83,Femenino,Santa Fe,S2000,Empresa,14-05-23,219863
CRM0376,39-060-261,Daniela López,daniela.lopez.32@empresa.com.ar,1149288711,1955-05-07,71,D,Entre Ríos,S2000,Particular,13-04-24,614477
CRM0377,36-339-860,Matias Perez, matias.perez.91@empresa.com.ar ,1140877637,1946-05-08,80,Femenino,Buenos Aires,S2000,Particular,30/01/2025,787224
CRM0378,41.604.496,Agustina Gomez,agustina.gomez.19@outlook.com,1175717559,1950-07-11,76,F,CABA,C1414,Particular,17-01-25,566088
CRM0379,23992427,Laura Navarro,laura.navarro.44@empresa.com.ar,1149719876,1946-10-01,79,H,Buenos Aires,M5500,Particular,2024-04-22,573547
CRM0380,34918548,CAROLINA CASTRO, carolina.castro.88@empresa.com.ar ,1156059987,22/07/1997,29,f,CABA,C1239,PyME,03/12/2023,766542
CRM0381,25-075-703,Matias Fernandez,-,1139897403,1945-09-26,80,m,CABA,C1414,Particular,19-10-25,446636
CRM0382,45444283,Sofia Lopez,sofia.lopez.92@hotmail.com,1177209628,31-12-07,18,D,Mendoza,M5500,Particular,28-07-22,825855
CRM0383,25153553,NICOLAS NAVARRO, nicolas.navarro.3@hotmail.com ,1126538236,24-05-38,88,Mujer,Córdoba,X5000,PyME,04-04-24,277054
CRM0384,26-345-233,Florencia Romero, florencia.joaquin.romero.9@outlook.com ,1131105593,17/06/1935,91,F,CABA,C1429,Empresa,2022-06-07,386816
CRM0385, 39906741 ,SOFIA PABLO PEREZ,SOFIA.PABLO.PEREZ.90@GMAIL.COM,1126099479,18-10-85,40,D,Buenos Aires,X5000,Particular,02/05/2023,266295
CRM0386, 49803465 ,Sofia Ruiz, sofia.federico.ruiz.81@gmail.com ,1162460166,01/07/1952,74,M,Entre Ríos,E3100,Particular,2021-09-12,288552
CRM0387,49-924-653,Paula Rodriguez,PAULA.JULIETA.RODRIGUEZ.42@GMAIL.COM,1138757129,1975-12-12,50,D,Córdoba,E3100,Particular,2022-05-27,529872
CRM0388, 48103049 ,SOFIA LOPEZ,sofia.lopez.76@empresa.com.ar,1131366387,09-12-52,73,M,CABA,C1414,Particular,2025-02-13,393615
CRM0389,36101100,Diego Silva,diego.silva.96@outlook.com,1163050104,18/04/1999,27,Mujer,CABA,C1064,Particular,22-09-21,747150
CRM0390,44-205-028,CAMILA PEREZ,CAMILA.PEREZ.30@GMAIL.COM,1139446866,1970-12-31,55,F,Buenos Aires,B1900,PyME,22/01/2023,548893
CRM0391, 42567927 ,Camila G. Rodriguez,CAMILA.GONZALO.RODRIGUEZ.29@EMPRESA.COM.AR,1179699669,1955-06-08,71,Mujer,CABA,C1431,PyME,2021-02-27,1477221
CRM0392,27491739,VALENTINA LOPEZ,VALENTINA.LOPEZ.62@EMPRESA.COM.AR,1127737005,1971-08-14,55,Varón,CABA,C1425,Particular,2022-08-05,999
CRM0393,30-543-984,JULIETA GOMEZ,JULIETA.GOMEZ.96@OUTLOOK.COM,-,1980-03-27,46,Femenino,CABA,C1180,Particular,2021-12-08,632170
CRM0394, 30503680 ,Andres Rojas,ANDRES.ROJAS.6@EMPRESA.COM.AR,1168360530,1996-04-19,30,m,Santa Fe,E3100,Particular,04/03/2025,625860
CRM0395, 35202237 ,Diego Suarez,DIEGO.SUAREZ.33@OUTLOOK.COM,1137251383,1964-06-07,62,F,CABA,C1406,Particular,07/01/2021,517403
CRM0396,35-380-018,Daniela A. Diaz, daniela.andres.diaz.31@empresa.com.ar ,1135427274,1937-05-26,89,Femenino,CABA,C1429,Particular,2021-05-24,266925
CRM0397,49294512,FEDERICO ROJAS,FEDERICO.ROJAS.24@HOTMAIL.COM,1165405045,04-02-47,79,f,Córdoba,X5000,Particular,14-02-21,1668053
CRM0398, 41736526 ,Leandro Agustina Benitez,leandro.agustina.benitez.90@gmail.com,1163264305,1966-10-12,59,F,Buenos Aires,B1900,Particular,04-01-24,490506
CRM0399,29.316.173,Martín Torres,martin.torres.72@hotmail.com,1160682420,17-05-87,39,M,CABA,C1429,Particular,07/01/2021,550064
CRM0400, 26772112 ,Federico Rojas,FEDERICO.ROJAS.24@EMPRESA.COM.AR,1151424076,1979-03-19,47,D,Córdoba,B1900,Particular,08/10/2021,320854
CRM0401,37-216-344,Daniela Silva,daniela.silva.44@empresa.com.ar,1171166973,17-12-77,48,D,CABA,C1431,Particular,23/07/2025,441484
CRM0402,34.521.476,Natalia Martinez,natalia.martinez.33@gmail.com,1131362313,11-08-83,43,f,CABA,C1064,Particular,2022-10-08,481765
CRM0403,38-322-058,Natalia Fernandez,NATALIA.FERNANDEZ.15@HOTMAIL.COM,1126187316,28/06/1956,70,Femenino,CABA,C1239,Particular,07-11-25,644343
CRM0404,40-983-842,Matias Silva, matias.silva.45@empresa.com.ar ,1164326182,1988-01-30,38,m,CABA,C1428,Empresa,2022-05-24,496752
CRM0405, 25723125 ,Sofia Perez,sofia.perez.93@empresa.com.ar,1135745142,1940-01-22,86,Masculino,Entre Ríos,X5000,Particular,2023-03-23,254840
CRM0406,36184645,Camila Fernandez,CAMILA.FERNANDEZ.61@EMPRESA.COM.AR,1171163246,29/09/1965,60,M,Santa Fe,M5500,PyME,12/08/2023,695436
CRM0407,-,Diego J. Ramirez, diego.joaquin.ramirez.30@hotmail.com ,1125180463,21-10-81,44,Masculino,CABA,C1406,Particular,20-12-21,1135294
CRM0408, 33022384 ,PAULA ROJAS, paula.rojas.18@outlook.com ,,17/12/1978,47,Femenino,CABA,C1414,Empresa,2022-09-13,980175
CRM0409, 23469755 ,Tomas Romero, tomas.romero.54@outlook.com ,1137937125,1958-06-16,68,M,Santa Fe,E3100,Particular,21-05-21,415650
CRM0410,48093224,Julieta Federico Navarro,julieta.federico.navarro.67@hotmail.com,1168047356,12-02-49,77,D,CABA,C1033,Particular,23-07-24,410977
CRM0411,32-909-159,MARIA CASTRO,maria.castro.35@gmail.com,1175698629,06-03-46,80,F,Mendoza,E3100,Particular,2025-06-18,212002
CRM0412, 38390124 ,María Ortiz,maria.ortiz.21@outlook.com,1151412163,1963-10-10,62,F,Mendoza,E3100,Particular,2026-01-23,1020817
CRM0413, 21980737 ,Diego Natalia Flores,diego.natalia.flores.83@empresa.com.ar,-,30-10-92,33,m,CABA,C1414,Particular,06/11/2024,828587
CRM0414, 23723797 ,Maria Benitez,MARIA.BENITEZ.28@OUTLOOK.COM,1165635231,1983-06-08,43,Femenino,Córdoba,B1900,Particular,22-09-23,356249
CRM0415, 40333100 ,Gonzalo Benítez, gonzalo.benitez.63@outlook.com ,no informa,1940-08-14,86,Femenino,CABA,C1414,Particular,2026-02-23,642110
CRM0416, 41859258 ,Micaela Diaz, micaela.diaz.62@empresa.com.ar ,1167397188,09/01/1952,74,H,CABA,C1429,Particular,2025-03-10,278799
CRM0417,48.328.109,FLORENCIA ORTIZ,FLORENCIA.ORTIZ.83@HOTMAIL.COM,1127713021,25-06-81,45,D,Santa Fe,X5000,Particular,10/11/2025,474442
CRM0418, 23535325 ,LAURA RAMIREZ, laura.ramirez.12@gmail.com ,no informa,1966-06-16,60,M,Buenos Aires,E3100,Empresa,2021-08-23,342497
CRM0419,28146609,Sebastian Rodriguez, sebastian.rocio.rodriguez.91@outlook.com ,1127785515,1947-11-27,78,Varón,CABA,C1113,Particular,2023-07-01,846901
CRM0420,22-919-872,Diego Ortiz,diego.ortiz.89@outlook.com,1171603812,1944-07-01,82,Femenino,Buenos Aires,M5500,Empresa,26-05-24,777357
CRM0421,23743432,Camila Acosta,camila.acosta.31@gmail.com,1134313955,19/12/1956,69,f,CABA,C1239,PyME,27-12-23,420215
CRM0422,46.992.586,Diego Flores,diego.flores.69@empresa.com.ar,1177794493,28-07-02,24,Varón,CABA,C1406,Particular,01-01-26,186239
CRM0423,47-829-438,Franco Ramirez, franco.ramirez.2@hotmail.com ,1125187314,01/11/1949,76,H,Santa Fe,E3100,PyME,28/07/2023,586338
CRM0424,23-159-543,Tomas Castro, tomas.castro.62@outlook.com ,no informa,04-11-54,71,H,CABA,C1428,Particular,03/05/2025,639804
CRM0425, 25907787 ,Daniela Silva,daniela.silva.1@hotmail.com,1151536381,26-03-81,45,m,CABA,C1033,PyME,2021-11-11,382942
CRM0426,26.927.227,LEANDRO ORTIZ,LEANDRO.ORTIZ.36@HOTMAIL.COM,1150694330,14-09-80,45,f,CABA,C1428,Particular,2022-06-29,242571
CRM0427, 24226076 ,Matias Romero,matias.romero.39@gmail.com,sin dato,18/12/1973,52,m,CABA,C1428,Particular,2022-12-04,590736
CRM0428,43558059,Nicolas Lopez,NICOLAS.LOPEZ.16@GMAIL.COM,1143240478,1963-05-29,63,Mujer,CABA,C1406,PyME,06/07/2026,610274
CRM0429, 34569245 ,Lucía Acosta,lucia.acosta.50@hotmail.com,1174804848,1937-12-22,88,M,Santa Fe,B1900,PyME,14/12/2023,389654
CRM0430, 47883185 ,Valentina Ramirez,,1142050301,11-03-36,90,m,CABA,C1428,Particular,28/03/2025,265410
CRM0021, 38825261 ,Federico Benítez,FEDERICO.BENITEZ.45@OUTLOOK.COM,1164117376,18-02-89,37,H,Santa Fe,S2000,Particular,30-05-24,338891
CRM0056,43-478-884,FEDERICO MEDINA,FEDERICO.MEDINA.76@OUTLOOK.COM,1153452758,25-09-97,28,Masculino,CABA,C1428,Particular,16-03-22,536803
CRM_DUP_A,24.102.179,MICAELA F. ORTIZ,NATALIACASTRO42@GMAIL.COM,1163326165,23/02/1991,35,Masculino,Córdoba,M5500,Particular,2021-05-30,358435
